{"menus":[{"title":"Module 1","mod":"0"}],"slides":[{"title":"Slide 1","mod":"0","content":"<div class='slideInLeft'><div class='media' style='background-color:rgba(250,199,27,0.3); padding:10px; border-radius:15px;'><div class='media-left'><i class='fa fa-lightbulb-o fa-4x' aria-hidden='true' style='padding:10px; border-right:2px solid rgba(0,0,0,0.2)''><\/i><\/div><div class='media-body'><h4 class='media-heading'>Heading<\/h4>Your content goes here<\/div><\/div><\/div>"}],"nav":[{"text":"Previous","id":"Previous Button"},{"text":"Next","id":"Next Button"},{"text":"Page","id":"Breadcrumb element"},{"text":"of","id":"Breadcrumb element"},{"text":"Close","id":"Modal element"},{"text":"Course Title","id":"Course Title"}]}